web-scraper-order,web-scraper-start-url,image-src,title
"1555593661-77","https://pwinty.com/products/","/img/products/mugs-4042ea67.jpg","Mugs"
"1555593661-63","https://pwinty.com/products/","/img/products/dibond-6780c2fa.jpg","Dibond"
"1555593661-58","https://pwinty.com/products/","/img/products/framed-prints-02a32aca.jpg","Framed prints"
"1555593661-78","https://pwinty.com/products/","/img/products/cushions-c5d02cfc.jpg","Cushions"
"1555593661-68","https://pwinty.com/products/","/img/products/ipad-cases-58f76d98.jpg","iPad cases"
"1555593661-73","https://pwinty.com/products/","/img/products/acrylic-prisms-8cff02e2.jpg","Acrylic prisms"
"1555593661-61","https://pwinty.com/products/","/img/products/rolled-canvas-edbe9792.jpg","Rolled canvas"
"1555593661-66","https://pwinty.com/products/","/img/products/gatorboard-829e0923.jpg","Gatorboard"
"1555593661-57","https://pwinty.com/products/","/img/products/posters-f66d76dd.jpg","Posters"
"1555593661-79","https://pwinty.com/products/","/img/products/towels-4dfe8a29.jpg","Towels"
"1555593661-62","https://pwinty.com/products/","/img/products/acrylic-panels-335b2736.jpg","Acrylic panels"
"1555593661-80","https://pwinty.com/products/","/img/products/t-shirts-ab63e459.jpg","T-shirts"
"1555593661-67","https://pwinty.com/products/","/img/products/phone-cases-3f778b3f.jpg","Phone cases"
"1555593661-76","https://pwinty.com/products/","/img/products/keyrings-76e42680.jpg","Keyrings"
"1555593661-72","https://pwinty.com/products/","/img/products/stickers-2b456c20.jpg","Stickers"
"1555593661-69","https://pwinty.com/products/","/img/products/photo-prints-87c17da3.jpg","Photo prints"
"1555593661-55","https://pwinty.com/products/","/img/products/photographic-art-prints-702d4337.jpg","Photographic art prints"
"1555593661-81","https://pwinty.com/products/","/img/products/hoodies-51c93d71.jpg","Hoodies"
"1555593661-74","https://pwinty.com/products/","/img/products/photobooks-a1da2710.jpg","Photobooks"
"1555593661-60","https://pwinty.com/products/","/img/products/framed-canvas-74be40eb.jpg","Framed canvas"
"1555593661-70","https://pwinty.com/products/","/img/products/postcards-9a4830df.jpg","Postcards"
"1555593661-59","https://pwinty.com/products/","/img/products/stretched-canvas-ddc082eb.jpg","Stretched canvas"
"1555593661-71","https://pwinty.com/products/","/img/products/greetings-cards-27319463.jpg","Greetings cards"
"1555593661-64","https://pwinty.com/products/","/img/products/foam-board-73c5f2e0.jpg","Foam board"
"1555593661-56","https://pwinty.com/products/","/img/products/fine-art-prints-be20c160.jpg","Fine art prints"
"1555593661-75","https://pwinty.com/products/","/img/products/magnets-a8ae8e42.jpg","Magnets"
"1555593661-65","https://pwinty.com/products/","/img/products/foamex-6fbfadd1.jpg","Foamex"
